Mã số sinh viên;Họ;Tên;Lớp;Điểm
N21DCCN007;Ngô Vân;Anh;D21CQCN01-N;7.2
N22DCCN123;Trần Thụy Kim;Hoa;D22CQCN03-N;8.5
N21DCCN456;Lê Hồng;Minh;D21CQCN02-N;6.7
N22DCDK789;Phạm Văn;Quân;D22CQDK01-N;7.9
N23DCAT101;Đặng Thị Thu;Hương;D23CQAT01-N;8
N23DCCN234;Nguyễn Văn;An;D23CQCN04-N;7.4
N21DCDK321;Trần Thị Mai;Lan;D21CQDK02-N;6.8
N22DCCN654;Lê Thị Kim;Hoa;D22CQCN05-N;8.3
N23DCAT987;Phạm Trần Ðức;Minh;D23CQAT03-N;7.1
N22DCDK852;Hoàng Văn;Quân;D22CQDK02-N;6.5
N23DCCN111;Nguyễn Thị;Hoa;D23CQCN06-N;7.7
N23DCCN333;Nguyễn Văn;Bình;D23CQCN07-N;6.9
N21DCDK456;Trần Thị Mai;Hoa;D21CQDK04-N;7
N22DCDK777;Lê Thị Kim;Hoa;D22CQDK06-N;8.6
N23DCAT222;Phạm Hữu;Minh;D23CQAT05-N;7.3
N23DCAT888;Lê Hữu;Minh;D23CQAT04-N;6.8
N23DCCN999;Hoàng Văn;Quân;D23CQCN08-N;7
N22DCDK444;Hoàng Văn;Quân;D22CQDK03-N;6.7
N21DCCN555;Phan Hữu;Bảo;D21CQCN09-N;8.4
N23DCCN321;Nguyễn Thị;Hoa;D23CQCN11-N;7.5
N21DCDK319;Nguyễn Thị;Hoa;D21CQDK05-N;7.5
N22DCCN678;Lê Hoài Thanh;Phương;D22CQCN07-N;6.3
N21DCDK789;Phạm Văn;Huy;D21CQDK06-N;6.3
N23DCCN987;Trần Ðức;Minh;D23CQCN12-N;9.8
N22DCAT654;Lý Thị Thanh;Hà;D22CQAT01-N;3.5
N23DCDK321;Bùi Văn;Nam;D23CQDK07-N;6.9
N23DCCN147;Nguyễn Văn;An;D23CQCN13-N;7.2
N22DCCN258;Nguyễn Trúc;Anh;D22CQCN08-N;7.4
N21DCCN369;Trần Thị Kim Bông;Hoa;D21CQCN10-N;8.5
N23DCCN148;Mai Kim;Lan;D23CQCN14-N;8
N21DCDK951;Hoàng Văn;Quân;D21CQDK07-N;7.9
N22DCCN753;Ðặng Ngọc Châu;An;D22CQCN09-N;7.8
N23DCCN852;Nguyễn Văn;Bình;D23CQCN15-N;6.9
N23DCDK159;Trần Thị Mai;Lan;D23CQDK08-N;7.8
N22DCDK357;Lê Thị Kim;Hoa;D22CQDK10-N;8.2
N23DCAT456;Phạm Hữu;Minh;D23CQAT06-N;7.1
N23DCAT951;Nguyễn Việt;Nam;D23CQAT07-N;6.6
N23DCCN753;Mai Thanh;Hoa;D23CQCN16-N;7.7
N23DCCN654;Hồ Văn;Bình;D23CQCN17-N;6.9
N23DCDK852;Trần Thị Mai;Hoa;D23CQDK09-N;7.9
N21DCDK357;Lê Trần Kim;Hoa;D21CQDK08-N;8.7
N22DCAT258;Phan Nhật;Minh;D22CQAT02-N;7.3
N23DCAT369;Lê Nhật;Minh;D23CQAT08-N;6.8
N23DCCN456;Hoàng Vũ Hồng;Quân;D23CQCN18-N;7.1
N23DCDK147;Hoàng Vũ Hồng;Quân;D23CQDK10-N;6.7
N22DCCN951;Phan Khánh;Linh;D22CQCN10-N;8.5
N23DCCN951;Phan Khánh;Linh;D23CQCN19-N;8.2
N21DCCN852;Hạ Thiên;Lam;D21CQCN11-N;7.6
N22DCDK753;Huỳnh Thị Tuyết;Mai;D22CQDK11-N;7.6
N21DCCN654;Lê Thị;Phương;D21CQCN12-N;6.4
N22DCDK456;Phạm Văn;Huy;D22CQDK12-N;6.4
N23DCCN258;Trần Ðức;Minh;D23CQCN20-N;9.7
N21DCAT147;Lý Hoàng Thanh;Hà;D21CQAT01-N;3.6
N23DCDK753;Bùi Văn;Nam;D23CQDK13-N;6.8
N21DCCN159;Nguyễn Văn;An;D21CQCN13-N;7.3
N21DCCN111;Phạm Minh;Tuấn;D21CQCN01-N;7.1
N22DCCN222;Trần Ngọc;Lan;D22CQCN02-N;8
N23DCCN853;Lê Thị;Hương;D23CQCN03-N;7.8
N21DCDK444;Hoàng Văn;Quân;D21CQDK01-N;6.9
N23DCCN555;Phan Hữu;Bảo;D23CQCN10-N;8.1
N22DCDK555;Phạm Thị;Mai;D22CQDK02-N;7.3
N23DCAT666;Bùi Quốc;Hùng;D23CQAT01-N;8.5
N21DCCN777;Nguyễn Thị;Hạnh;D21CQCN04-N;7
N22DCCN888;Lê Văn;Dũng;D22CQCN05-N;7.9
N23DCCN200;Nguyễn Thu;Ánh;D23CQCN01-N;7
N23DCAT201;Trần Chân;Ái;D23CQAT01-N;8
N22DCDK202;Lê Ðặng Tú;Ân;D22CQDK01-N;6.5
N21DCCN203;Phạm Văn;Âu;D21CQCN01-N;7.8
N23DCAT303;Lê Thị;Hương;D23CQAT02-N;7.2
N21DCCN404;Hoàng Văn;Quân;D21CQCN07-N;7.6
N22DCCN505;Lê Khánh;Ngọc;D22CQCN08-N;6.8
N23DCCN606;Đặng Văn;Hùng;D23CQCN09-N;8.3
N21DCCN707;Nguyễn Thu;Hành;D21CQCN10-N;7.5
N22DCCN808;Lê Văn;Dũng;D22CQCN11-N;6.9
N23DCCN909;Trần Thị;Thu;D23CQCN12-N;7.1
N21DCDK111;Phạm Minh;Tuấn;D21CQDK05-N;7.2
N22DCDK222;Trần;Lan;D22CQDK06-N;8.4
N23DCAT333;Lê Thị;Thương;D23CQAT03-N;7.3
N21DCCN444;Hoàng;Quân;D21CQCN13-N;7
N22DCCN555;Phạm Thị;Mai;D22CQCN14-N;7.7
N23DCCN666;Ðặng Văn;Hùng;D23CQCN15-N;8
N21DCCN017;Nguyễn Thị;Hạnh;D21CQCN16-N;6.6
N22DCCN252;Lê;Dũng;D22CQCN17-N;7.8
N23DCCN367;Trần;Thu;D23CQCN18-N;7.2
N21DCDK121;Phạm Minh;Tuấn;D21CQDK07-N;7.4
N22DCDK232;Trần Ngọc;Lan;D22CQDK08-N;8.1
N23DCAT343;Lê Thái;Hưng;D23CQAT04-N;7
N21DCCN454;Hoàng Ðức;An;D21CQCN19-N;6.9
N22DCCN565;Ðào Thu;Mai;D22CQCN20-N;7.3
N23DCCN676;Ðặng Việt;Hùng;D23CQCN21-N;8.5
N23DCCN204;Nguyễn Văn;Tâm;D23CQCN01-N;0
N23DCAT205;Trần Thị;Ngọc;D23CQAT01-N;3.75
N22DCDK206;Lê Văn;Hùng;D22CQDK01-N;4.99
N21DCCN207;Phạm Thị;Linh;D21CQCN01-N;5
N23DCCN208;Ðặng Văn;Khang;D23CQCN02-N;9.99
N22DCAT209;Hoàng Thị;Mai;D22CQAT01-N;10
N23DCAT353;Lê Thị;Hương;D23CQAT05-N;7.8
N21DCCN464;Hoàng Văn;Quân;D21CQCN25-N;7.5
N22DCCN575;Phạm Thị;Mai;D22CQCN26-N;7
N23DCCN686;Ðặng Văn;Hùng;D23CQCN27-N;8.1
N21DCCN797;Nguyễn Thị;Hạnh;D21CQCN28-N;6.9
N22DCCN478;Lê Văn;Dũng;D22CQCN29-N;7.4
N23DCCN919;Trần Thị;Thu;D23CQCN30-N;7.3
N22DCCN100;Nguyễn Kim Hải;Long;D22CQCN01-N;7.5
N22DCCN101;Trần Thị;Hiền;D22CQCN01-N;7.5
N22DCCN102;Lê Văn;Phúc;D22CQCN01-N;7.5
N25DCCN001;Nguyễn Minh;Tú;D25CQCN01-N;7.6
N25DCCN002;Lê Hồng;Ngọc;D25CQCN01-N;8.2
N25DCDK003;Trần Thị;Thảo;D25CQDK01-N;7.3
N25DCAT004;Phạm Văn;Long;D25CQAT01-N;6.8
N25DCCN005;Đỗ Thị;Mai;D25CQCN02-N;7.9
N25DCDK006;Ngô Quốc;Hùng;D25CQDK02-N;8.1
N25DCCN007;Lý Văn;Tài;D25CQCN03-N;7.2
N25DCAT008;Bùi Thị;Ngọc;D25CQAT02-N;6.9
N25DCCN009;Phan Thanh;Tùng;D25CQCN04-N;7
N25DCDK010;Vũ Đức;Minh;D25CQDK03-N;8.4
N25DCCN011;Đặng Thị;Thuỷ;D25CQCN05-N;7.5
N25DCAT012;Nguyễn Hữu;Tâm;D25CQAT03-N;8
N25DCCN013;Trương Hoàng;Nam;D25CQCN06-N;7.7
N25DCDK014;Lê Thị;Thanh;D25CQDK04-N;6.6
N25DCCN015;Trần Văn;Tú;D25CQCN07-N;8.3
N25DCCN016;Ngô Khánh;Bình;D25CQCN08-N;6.9
N25DCAT017;Mai Hữu;Phúc;D25CQAT04-N;7.1
N25DCDK018;Hoàng Anh;Tuấn;D25CQDK05-N;7.6
N25DCCN019;Võ Thị;Lan;D25CQCN09-N;7.4
N25DCAT020;Đinh Nhật;Trường;D25CQAT05-N;7.9
N25DCCN021;Nguyễn Văn;Bảo;D25CQCN01-N;7.2
N25DCAT022;Lê Minh;Thắng;D25CQAT02-N;6.8
N25DCDK023;Hoàng Thị;Quỳnh;D25CQDK01-N;8.1
N25DCCN024;Đỗ Hữu;Phước;D25CQCN03-N;7.7
N25DCCN025;Phạm Thị;Huệ;D25CQCN04-N;8
N25DCDK026;Trần Văn;Cường;D25CQDK03-N;7
N25DCAT027;Bùi Thị;Mai;D25CQAT01-N;7.3
N25DCCN028;Nguyễn Thị;Yến;D25CQCN05-N;6.9
N25DCDK029;Lý Minh;Trí;D25CQDK02-N;7.5
N25DCAT030;Phan Hữu;Hiếu;D25CQAT04-N;7.6
N25DCCN031;Trịnh Văn;Đức;D25CQCN01-N;8.2
N25DCDK032;Vũ Thị;Thuý;D25CQDK01-N;6.8
N25DCCN033;Ngô Thanh;Hà;D25CQCN02-N;7.1
N25DCAT034;Trần Văn;Bình;D25CQAT05-N;8.3
N25DCCN035;Đặng Thị;Tuyết;D25CQCN06-N;7.4
N25DCDK036;Lê Hoàng;Dũng;D25CQDK04-N;6.7
N25DCAT037;Phạm Hồng;Sơn;D25CQAT03-N;7.9
N25DCCN038;Nguyễn Văn;Hùng;D25CQCN07-N;7.3
N25DCDK039;Hoàng Thị;Dung;D25CQDK05-N;8
N25DCAT040;Nguyễn Thị;Thảo;D25CQAT01-N;7.2
N25DCCN041;Trần Quốc;Việt;D25CQCN08-N;6.9
N25DCDK042;Đỗ Khánh;Chi;D25CQDK03-N;7.8
N25DCCN043;Lê Thị;Nhàn;D25CQCN09-N;8.1
N25DCAT044;Bùi Văn;Tín;D25CQAT02-N;7
N25DCDK045;Võ Hữu;Trung;D25CQDK02-N;7.6
N25DCCN046;Nguyễn Quốc;Toàn;D25CQCN04-N;8.4
N25DCAT047;Phạm Thị;Thư;D25CQAT04-N;7.1
N25DCCN048;Trần Hồng;Tuyết;D25CQCN06-N;6.6
N25DCDK049;Ngô Văn;Nam;D25CQDK04-N;7.5
N25DCAT050;Đinh Thị;Yến;D25CQAT03-N;7.7
N25DCCN051;Lý Thị;Bích;D25CQCN03-N;7.3
N25DCDK052;Phan Văn;Kiệt;D25CQDK05-N;8
N25DCAT053;Hoàng Ngọc;Ánh;D25CQAT05-N;6.9
N25DCCN054;Vũ Hồng;Giang;D25CQCN05-N;7.6
N25DCAT055;Trịnh Đức;Quân;D25CQAT01-N;7.8
N25DCDK056;Đặng Văn;Duy;D25CQDK01-N;6.7
N25DCCN057;Nguyễn Thị;Oanh;D25CQCN07-N;7.9
N25DCAT058;Lê Văn;Tuấn;D25CQAT02-N;7.2
N25DCDK059;Bùi Thị;Phượng;D25CQDK03-N;8.1
N25DCCN060;Phạm Thị;Tâm;D25CQCN02-N;7
N25DCAT061;Trần Văn;Hào;D25CQAT04-N;7.4
N25DCCN062;Ngô Thị;Hoa;D25CQCN01-N;6.8
N25DCDK063;Lý Hồng;Thắm;D25CQDK02-N;7.3
N25DCCN064;Phan Minh;Trung;D25CQCN03-N;8
N25DCAT065;Đặng Thị;Bé;D25CQAT03-N;7.1
N25DCDK066;Trịnh Văn;Hòa;D25CQDK05-N;7.5
N25DCAT067;Lê Hồng;Quyên;D25CQAT05-N;6.6
N25DCCN068;Nguyễn Hải;Yến;D25CQCN06-N;8.2
N25DCDK069;Hoàng Thị;Hương;D25CQDK04-N;7.4
N25DCCN070;Trần Văn;Khánh;D25CQCN05-N;7.6
N25DCAT071;Võ Minh;Khang;D25CQAT01-N;6.9
N25DCDK072;Đỗ Văn;Lâm;D25CQDK03-N;7
N25DCCN073;Nguyễn Thị;Ngân;D25CQCN04-N;8.1
N25DCAT074;Phan Hoàng;Tài;D25CQAT02-N;7.3
N25DCDK075;Lê Thị;Tươi;D25CQDK01-N;7.2
N25DCCN076;Đặng Hồng;Sơn;D25CQCN07-N;6.8
N25DCAT077;Trần Văn;Phát;D25CQAT03-N;8
N25DCDK078;Bùi Thị;Thu;D25CQDK02-N;7.5
N25DCCN079;Ngô Quang;Huy;D25CQCN01-N;7.3
N25DCAT080;Vũ Thanh;Tùng;D25CQAT04-N;7.9
N25DCCN081;Phạm Thị;Nga;D25CQCN02-N;7.6
N25DCDK082;Trịnh Văn;Hưng;D25CQDK03-N;7
N25DCAT083;Đỗ Hồng;Nhung;D25CQAT05-N;6.7
N25DCCN084;Nguyễn Đức;Hoàng;D25CQCN08-N;8.3
N25DCDK085;Lê Thị;Phúc;D25CQDK05-N;7.1
N25DCCN086;Hoàng Văn;Phú;D25CQCN06-N;7.8
N25DCAT087;Trần Thanh;Tâm;D25CQAT01-N;7.2
N25DCDK088;Ngô Hữu;Hiệp;D25CQDK04-N;6.9
N25DCCN089;Phan Thị;Kim;D25CQCN09-N;7.4
N25DCAT090;Lý Văn;Bảo;D25CQAT02-N;7.6
N25DCDK091;Đặng Hữu;Đạt;D25CQDK02-N;8
N25DCCN092;Nguyễn Thị;Thư;D25CQCN03-N;7.1
N25DCAT093;Trịnh Hoàng;Anh;D25CQAT04-N;6.8
N25DCCN094;Lê Minh;Phát;D25CQCN04-N;7.5
N25DCDK095;Phạm Thị;Hồng;D25CQDK01-N;8.2
N25DCAT096;Nguyễn Văn;Lộc;D25CQAT05-N;7
N25DCCN097;Bùi Hữu;Thịnh;D25CQCN05-N;6.7
N25DCDK098;Vũ Thanh;Quyết;D25CQDK03-N;7.9
N25DCAT099;Hoàng Thị;Lệ;D25CQAT03-N;7.3
N25DCCN100;Trần Văn;Thành;D25CQCN06-N;8.1
N25DCDK101;Ngô Thị;Tươi;D25CQDK04-N;7.4
N25DCCN102;Phan Quang;Trí;D25CQCN07-N;7.6
N25DCAT103;Đinh Hữu;Khôi;D25CQAT01-N;7.2
N25DCDK104;Lý Văn;Cảnh;D25CQDK05-N;7.7
N25DCAT105;Trần Minh;Tuệ;D25CQAT02-N;6.9
N25DCCN106;Nguyễn Hữu;Nhân;D25CQCN01-N;8
N25DCDK107;Đỗ Văn;Dũng;D25CQDK02-N;7.5
N25DCCN108;Lê Thị;Trâm;D25CQCN03-N;7.3
N25DCAT109;Phạm Thị;Nhàn;D25CQAT04-N;7.1
N25DCDK110;Hoàng Văn;Bảo;D25CQDK01-N;7.8
N25DCCN111;Ngô Văn;Tuấn;D25CQCN02-N;6.8
N25DCAT112;Bùi Thị;Tuyết;D25CQAT03-N;7.6
N25DCCN113;Trịnh Thị;Hằng;D25CQCN04-N;7.9
N25DCDK114;Nguyễn Minh;Hoàng;D25CQDK04-N;8.3
N25DCAT115;Lê Quốc;Thiện;D25CQAT05-N;7.2
N25DCCN116;Đặng Hồng;Phát;D25CQCN05-N;7.1
N25DCAT117;Trần Thị;Thủy;D25CQAT01-N;6.7
N25DCDK118;Phan Văn;Hiển;D25CQDK03-N;7
N25DCCN119;Nguyễn Văn;Quang;D25CQCN06-N;8.1
N25DCAT120;Vũ Thị;Phương;D25CQAT02-N;7.5
N25DCCN121;Phạm Văn;Thắng;D25CQCN01-N;7.3
N25DCDK122;Nguyễn Thị;Lan;D25CQDK01-N;7.8
N25DCAT123;Lê Hoàng;Minh;D25CQAT01-N;6.9
N25DCCN124;Trần Thị;Hà;D25CQCN02-N;7.1
N25DCDK125;Hoàng Văn;Tuấn;D25CQDK02-N;8.2
N25DCAT126;Phan Minh;Châu;D25CQAT02-N;7.4
N25DCCN127;Đỗ Hữu;Trí;D25CQCN03-N;7.6
N25DCDK128;Bùi Thị;Nhung;D25CQDK03-N;6.8
N25DCAT129;Nguyễn Quốc;Hưng;D25CQAT03-N;8
N25DCCN130;Vũ Thanh;Hiền;D25CQCN04-N;7.5
N25DCDK131;Lý Thị;Thu;D25CQDK04-N;6.9
N25DCAT132;Đặng Văn;Toàn;D25CQAT04-N;7.7
N25DCCN133;Trịnh Hồng;Hạnh;D25CQCN05-N;7.3
N25DCDK134;Phạm Thị;Vân;D25CQDK05-N;8.1
N25DCAT135;Ngô Văn;Phúc;D25CQAT05-N;7.2
N25DCCN136;Lê Hữu;Tâm;D25CQCN06-N;7.8
N25DCDK137;Trần Thị;Duyên;D25CQDK01-N;7
N25DCAT138;Hoàng Quốc;Anh;D25CQAT01-N;7.5
N25DCCN139;Phan Thị;Thủy;D25CQCN07-N;6.7
N25DCDK140;Đỗ Minh;Phát;D25CQDK02-N;8.3
N25DCAT141;Nguyễn Thị;Quỳnh;D25CQAT02-N;7.1
N25DCCN142;Lý Hồng;Sơn;D25CQCN08-N;7.6
N25DCDK143;Trịnh Văn;Kiên;D25CQDK03-N;6.9
N25DCAT144;Phạm Văn;Tài;D25CQAT03-N;7.9
N25DCCN145;Bùi Thị;Linh;D25CQCN09-N;8.2
N25DCDK146;Ngô Hữu;Khoa;D25CQDK04-N;7.4
N25DCAT147;Lê Thị;Thanh;D25CQAT04-N;6.8
N25DCCN148;Đặng Văn;Hậu;D25CQCN01-N;7.5
N25DCDK149;Hoàng Minh;Tuệ;D25CQDK05-N;7
N25DCAT150;Trần Hữu;Tín;D25CQAT05-N;8
N25DCCN151;Nguyễn Hải;Nam;D25CQCN02-N;6.9
N25DCDK152;Phan Thị;Duyên;D25CQDK01-N;7.7
N25DCAT153;Đỗ Văn;Khoa;D25CQAT01-N;7.3
N25DCCN154;Trịnh Đức;Trung;D25CQCN03-N;8.1
N25DCDK155;Vũ Hồng;Yến;D25CQDK02-N;7.2
N25DCAT156;Ngô Thị;Trinh;D25CQAT02-N;6.7
N25DCCN157;Lê Văn;Tâm;D25CQCN04-N;7.9
N25DCDK158;Bùi Minh;Đạt;D25CQDK03-N;8.3
N25DCAT159;Phạm Thị;Trang;D25CQAT03-N;7.4
N25DCCN160;Nguyễn Thị;Lan;D25CQCN05-N;6.8
N25DCDK161;Đặng Quốc;Bảo;D25CQDK04-N;7.6
N25DCAT162;Trần Minh;Quân;D25CQAT04-N;7
N25DCCN163;Hoàng Văn;Khánh;D25CQCN06-N;7.8
N25DCDK164;Phan Hữu;Toản;D25CQDK05-N;7.1
N25DCAT165;Lý Minh;Anh;D25CQAT05-N;8
N25DCCN166;Vũ Thị;Ngọc;D25CQCN07-N;6.9
N25DCDK167;Ngô Văn;Long;D25CQDK01-N;7.3
N25DCAT168;Lê Thị;Hạnh;D25CQAT01-N;7.7
N25DCCN169;Đỗ Văn;Bình;D25CQCN08-N;7.5
N25DCDK170;Nguyễn Hữu;Phước;D25CQDK02-N;8.2
N25DCAT171;Bùi Văn;Hưng;D25CQAT02-N;7.6
N25DCCN172;Trịnh Thị;Phương;D25CQCN09-N;6.7
N25DCDK173;Phạm Văn;Hạnh;D25CQDK03-N;7.8
N25DCAT174;Hoàng Văn;Toàn;D25CQAT03-N;7.1
N25DCCN175;Đặng Hữu;Tài;D25CQCN01-N;7.9
N25DCDK176;Lê Hồng;Quân;D25CQDK04-N;6.9
N25DCAT177;Nguyễn Thị;Hoa;D25CQAT04-N;7.3
N25DCCN178;Phan Minh;Dũng;D25CQCN02-N;7.5
N25DCDK179;Trần Thị;Hiền;D25CQDK05-N;8
N25DCAT180;Đỗ Văn;Thành;D25CQAT05-N;7.4
N25DCCN181;Bùi Thị;Quỳnh;D25CQCN03-N;6.8
N25DCDK182;Ngô Hữu;Lợi;D25CQDK01-N;7.6
N25DCAT183;Phạm Hồng;Sơn;D25CQAT01-N;7
N25DCCN184;Trịnh Đức;Anh;D25CQCN04-N;7.8
N25DCDK185;Lê Văn;Bình;D25CQDK02-N;7.2
N25DCAT186;Nguyễn Hữu;Tú;D25CQAT02-N;6.7
N25DCCN187;Hoàng Thị;Vân;D25CQCN05-N;7.9
N25DCDK188;Đặng Văn;Đức;D25CQDK03-N;8.1
N25DCAT189;Trần Minh;Thành;D25CQAT03-N;7.3
N25DCCN190;Phan Thị;Hạnh;D25CQCN06-N;6.9
N25DCDK191;Vũ Hồng;Phát;D25CQDK04-N;7.7
N25DCAT192;Ngô Minh;Hoàng;D25CQAT04-N;7.5
N25DCCN193;Lý Thị;Thắm;D25CQCN07-N;7.1
N25DCDK194;Phạm Văn;Long;D25CQDK05-N;8.2
N25DCAT195;Đỗ Hữu;Tâm;D25CQAT05-N;7.4
N25DCCN196;Bùi Văn;Tuấn;D25CQCN08-N;6.8
N25DCDK197;Trịnh Thị;Nhàn;D25CQDK01-N;7.6
N25DCAT198;Nguyễn Thị;Như;D25CQAT01-N;7
N25DCCN199;Lê Văn;Sang;D25CQCN09-N;8
N25DCDK200;Hoàng Hữu;Tài;D25CQDK02-N;7.5
N25DCAT201;Phan Quốc;Toàn;D25CQAT02-N;6.9
N25DCCN202;Đặng Thị;Thu;D25CQCN01-N;7.3
N25DCDK203;Ngô Văn;Bình;D25CQDK03-N;8.1
N25DCAT204;Trần Thị;Yến;D25CQAT03-N;7.6
N25DCCN205;Phạm Hồng;Quân;D25CQCN02-N;7.2
N25DCDK206;Đỗ Thị;Mai;D25CQDK04-N;6.7
N25DCAT207;Lý Minh;Hiếu;D25CQAT04-N;7.9
N25DCCN208;Nguyễn Văn;Khôi;D25CQCN03-N;8.3
N25DCDK209;Bùi Văn;Lâm;D25CQDK05-N;7.4
N25DCAT210;Hoàng Thị;Huệ;D25CQAT05-N;7
N25DCCN211;Nguyễn Thị;Mai;D25CQCN04-N;7.4
N25DCDK212;Trần Văn;Khánh;D25CQDK01-N;6.8
N25DCAT213;Phạm Hữu;Dũng;D25CQAT01-N;7.5
N25DCCN214;Lê Thị;Thảo;D25CQCN05-N;7.9
N25DCDK215;Bùi Minh;Khang;D25CQDK02-N;7.2
N25DCAT216;Ngô Văn;Nghĩa;D25CQAT02-N;8
N25DCCN217;Đặng Hồng;Yến;D25CQCN06-N;7.1
N25DCDK218;Phan Văn;Hưng;D25CQDK03-N;7.7
N25DCAT219;Trịnh Minh;Tú;D25CQAT03-N;6.9
N25DCCN220;Vũ Thị;Quỳnh;D25CQCN07-N;7.3
N25DCDK221;Hoàng Văn;Toản;D25CQDK04-N;8.1
N25DCAT222;Đỗ Thị;Trúc;D25CQAT04-N;7.6
N25DCCN223;Nguyễn Hữu;Khanh;D25CQCN08-N;6.7
N25DCDK224;Lê Văn;Trung;D25CQDK05-N;7.5
N25DCAT225;Phạm Thị;Tuyết;D25CQAT05-N;7.2
N25DCCN226;Trần Quốc;Đạt;D25CQCN09-N;7.8
N25DCDK227;Bùi Thị;Thuỷ;D25CQDK01-N;6.9
N25DCAT228;Ngô Văn;Cường;D25CQAT01-N;8.3
N25DCCN229;Đặng Minh;Phú;D25CQCN01-N;7
N25DCDK230;Lý Thị;Oanh;D25CQDK02-N;7.6
N25DCAT231;Nguyễn Văn;Trung;D25CQAT02-N;7.4
N25DCCN232;Trịnh Thị;Bích;D25CQCN02-N;7.9
N25DCDK233;Phạm Văn;Quyết;D25CQDK03-N;6.8
N25DCAT234;Vũ Hữu;Thịnh;D25CQAT03-N;7.7
N25DCCN235;Lê Thị;Kim;D25CQCN03-N;7.1
N25DCDK236;Đỗ Văn;Chí;D25CQDK04-N;8
N25DCAT237;Ngô Thị;Thuý;D25CQAT04-N;7.3
N25DCCN238;Bùi Minh;Hải;D25CQCN04-N;6.7
N25DCDK239;Trần Thị;Trang;D25CQDK05-N;7.8
N25DCAT240;Phan Hữu;Tường;D25CQAT05-N;7.5
N25DCCN241;Đặng Văn;Hoà;D25CQCN05-N;7
N25DCDK242;Nguyễn Hồng;Loan;D25CQDK01-N;7.6
N25DCAT243;Lê Minh;Khoa;D25CQAT01-N;8.2
N25DCCN244;Hoàng Thị;Hằng;D25CQCN06-N;7.4
N25DCDK245;Vũ Văn;Thành;D25CQDK02-N;6.9
N25DCAT246;Trịnh Thị;Tâm;D25CQAT02-N;7.1
N25DCCN247;Phan Quốc;Cường;D25CQCN07-N;7.3
N25DCDK248;Bùi Hữu;Phúc;D25CQDK03-N;8
N25DCAT249;Ngô Văn;Tài;D25CQAT03-N;7.7
N25DCCN250;Đỗ Thị;Vân;D25CQCN08-N;7.5
N25DCDK251;Trần Văn;Nam;D25CQDK04-N;6.8
N25DCAT252;Phạm Hữu;Nghị;D25CQAT04-N;7.9
N25DCCN253;Lê Hồng;Minh;D25CQCN09-N;7.2
N25DCDK254;Hoàng Thị;Thảo;D25CQDK05-N;7
N25DCAT255;Đặng Minh;Toàn;D25CQAT05-N;8.1
N25DCCN256;Nguyễn Văn;Bách;D25CQCN01-N;7.6
N25DCDK257;Vũ Thị;Hạnh;D25CQDK01-N;6.9
N25DCAT258;Trần Văn;Hiệp;D25CQAT01-N;7.3
N25DCCN259;Lý Minh;Trí;D25CQCN02-N;7.8
N25DCDK260;Phan Hữu;Đức;D25CQDK02-N;7.4
N25DCAT261;Ngô Văn;Duy;D25CQAT02-N;6.7
N25DCCN262;Bùi Văn;Khánh;D25CQCN03-N;7.9
N25DCDK263;Trịnh Thị;Kim;D25CQDK03-N;7.1
N25DCAT264;Đỗ Thị;Bình;D25CQAT03-N;8
N25DCCN265;Hoàng Văn;Sơn;D25CQCN04-N;7.5
N25DCDK266;Lê Văn;Phúc;D25CQDK04-N;7.2
N25DCAT267;Phạm Minh;Khoa;D25CQAT04-N;6.8
N25DCCN268;Nguyễn Hữu;Thắng;D25CQCN05-N;7.6
N25DCDK269;Đặng Hồng;Phát;D25CQDK05-N;7
N25DCAT270;Trần Quốc;Hưng;D25CQAT05-N;8.3
N25DCCN271;Phan Thị;Nhung;D25CQCN06-N;7.3
N25DCDK272;Ngô Văn;Kiên;D25CQDK01-N;7.9
N25DCAT273;Bùi Thị;Tuyết;D25CQAT01-N;6.9
N25DCCN274;Lý Minh;Tú;D25CQCN07-N;7.7
N25DCDK275;Trần Thị;Hồng;D25CQDK02-N;7.2
N25DCAT276;Đỗ Hữu;Khải;D25CQAT02-N;7.5
N25DCCN277;Nguyễn Văn;Sỹ;D25CQCN08-N;6.8
N25DCDK278;Vũ Minh;Toàn;D25CQDK03-N;7.6
N25DCAT279;Hoàng Thị;Yến;D25CQAT03-N;7
N25DCCN280;Phạm Văn;Long;D25CQCN09-N;7.8
N25DCDK281;Đặng Hữu;Tín;D25CQDK04-N;7.4
N25DCAT282;Ngô Minh;Hiếu;D25CQAT04-N;6.7
N25DCCN283;Bùi Văn;Thành;D25CQCN01-N;7.9
N25DCDK284;Trịnh Hồng;Tâm;D25CQDK05-N;7.1
N25DCAT285;Lê Thị;Mai;D25CQAT05-N;8
N25DCCN286;Đỗ Văn;Tiến;D25CQCN02-N;7.3
N25DCDK287;Phan Minh;Trí;D25CQDK01-N;7.5
N25DCAT288;Nguyễn Thị;Phượng;D25CQAT01-N;6.9
N25DCCN289;Vũ Quốc;Anh;D25CQCN03-N;8.2
N25DCDK290;Hoàng Văn;Sang;D25CQDK02-N;7.6
N25DCAT291;Lý Thị;Kim;D25CQAT02-N;7.3
N25DCCN292;Trần Văn;Tài;D25CQCN04-N;6.7
N25DCDK293;Đặng Văn;Hiếu;D25CQDK03-N;7.9
N25DCAT294;Phạm Hữu;Phước;D25CQAT03-N;7.5
N25DCCN295;Ngô Thị;Thanh;D25CQCN05-N;7
N25DCDK296;Bùi Hồng;Tâm;D25CQDK04-N;8
N25DCAT297;Trịnh Văn;Hòa;D25CQAT04-N;7.2
N25DCCN298;Đỗ Thị;Hường;D25CQCN06-N;6.8
N25DCDK299;Phan Văn;Tình;D25CQDK05-N;7.6
N25DCAT300;Lê Hữu;Khoa;D25CQAT05-N;7.1
N20DCCN301;Nguyễn Thị;Mai;D20CQCN01-N;7.4
N21DCDK302;Trần Văn;Khánh;D21CQDK01-N;6.8
N22DCAT303;Phạm Hữu;Dũng;D22CQAT01-N;7.5
N23DCCN304;Lê Thị;Thảo;D23CQCN01-N;7.9
N24DCDK305;Bùi Minh;Khang;D24CQDK01-N;7.2
N25DCAT306;Ngô Văn;Nghĩa;D25CQAT01-N;8
N20DCCN307;Đặng Hồng;Yến;D20CQCN02-N;7.1
N21DCDK308;Phan Văn;Hưng;D21CQDK02-N;7.7
N22DCAT309;Trịnh Minh;Tú;D22CQAT02-N;6.9
N23DCCN310;Vũ Thị;Quỳnh;D23CQCN02-N;7.3
N24DCDK311;Hoàng Văn;Toản;D24CQDK03-N;8.1
N25DCAT312;Đỗ Thị;Trúc;D25CQAT02-N;7.6
N20DCCN313;Nguyễn Hữu;Khanh;D20CQCN03-N;6.7
N21DCDK314;Lê Văn;Trung;D21CQDK04-N;7.5
N22DCAT315;Phạm Thị;Tuyết;D22CQAT03-N;7.2
N23DCCN316;Trần Quốc;Đạt;D23CQCN04-N;7.8
N24DCDK317;Bùi Thị;Thuỷ;D24CQDK05-N;6.9
N25DCAT318;Ngô Văn;Cường;D25CQAT03-N;8.3
N20DCCN319;Đặng Minh;Phú;D20CQCN05-N;7
N21DCDK320;Lý Thị;Oanh;D21CQDK01-N;7.6
N22DCAT321;Nguyễn Văn;Trung;D22CQAT04-N;7.4
N23DCCN322;Trịnh Thị;Bích;D23CQCN06-N;7.9
N24DCDK323;Phạm Văn;Quyết;D24CQDK02-N;6.8
N25DCAT324;Vũ Hữu;Thịnh;D25CQAT04-N;7.7
N20DCCN325;Lê Thị;Kim;D20CQCN07-N;7.1
N21DCDK326;Đỗ Văn;Chí;D21CQDK03-N;8
N22DCAT327;Ngô Thị;Thuý;D22CQAT05-N;7.3
N23DCCN328;Bùi Minh;Hải;D23CQCN08-N;6.7
N24DCDK329;Trần Thị;Trang;D24CQDK04-N;7.8
N25DCAT330;Phan Hữu;Tường;D25CQAT05-N;7.5
N20DCCN331;Đặng Văn;Hoà;D20CQCN09-N;7
N21DCDK332;Nguyễn Hồng;Loan;D21CQDK05-N;7.6
N22DCAT333;Lê Minh;Khoa;D22CQAT01-N;8.2
N23DCCN334;Hoàng Thị;Hằng;D23CQCN10-N;7.4
N24DCDK335;Vũ Văn;Thành;D24CQDK01-N;6.9
N25DCAT336;Trịnh Thị;Tâm;D25CQAT06-N;7.1
N20DCCN337;Phan Quốc;Cường;D20CQCN10-N;7.3
N21DCDK338;Bùi Hữu;Phúc;D21CQDK02-N;8
N22DCAT339;Ngô Văn;Tài;D22CQAT02-N;7.7
N23DCCN340;Đỗ Thị;Vân;D23CQCN11-N;7.5
N24DCDK341;Trần Văn;Nam;D24CQDK03-N;6.8
N25DCAT342;Phạm Hữu;Nghị;D25CQAT07-N;7.9
N20DCCN343;Lê Hồng;Minh;D20CQCN11-N;7.2
N21DCDK344;Hoàng Thị;Thảo;D21CQDK04-N;7
N22DCAT345;Đặng Minh;Toàn;D22CQAT03-N;8.1
N23DCCN346;Nguyễn Văn;Bách;D23CQCN12-N;7.6
N24DCDK347;Vũ Thị;Hạnh;D24CQDK05-N;6.9
N25DCAT348;Trần Văn;Hiệp;D25CQAT08-N;7.3
N20DCCN349;Lý Minh;Trí;D20CQCN12-N;7.8
N21DCDK350;Phan Hữu;Đức;D21CQDK01-N;7.4
N22DCAT351;Ngô Văn;Duy;D22CQAT04-N;6.7
N23DCCN352;Bùi Văn;Khánh;D23CQCN13-N;7.9
N24DCDK353;Trịnh Thị;Kim;D24CQDK02-N;7.1
N25DCAT354;Đỗ Thị;Bình;D25CQAT09-N;8
N20DCCN355;Hoàng Văn;Sơn;D20CQCN13-N;7.5
N21DCDK356;Lê Văn;Phúc;D21CQDK03-N;7.2
N22DCAT357;Phạm Minh;Khoa;D22CQAT05-N;6.8
N23DCCN358;Nguyễn Hữu;Thắng;D23CQCN14-N;7.6
N24DCDK359;Đặng Hồng;Phát;D24CQDK04-N;7
N25DCAT360;Trần Quốc;Hưng;D25CQAT10-N;8.3
N20DCCN361;Phan Thị;Nhung;D20CQCN14-N;7.3
N21DCDK362;Ngô Văn;Kiên;D21CQDK05-N;7.9
N22DCAT363;Bùi Thị;Tuyết;D22CQAT06-N;6.9
N23DCCN364;Lý Minh;Tú;D23CQCN15-N;7.7
N24DCDK365;Trần Thị;Hồng;D24CQDK01-N;7.2
N25DCAT366;Đỗ Hữu;Khải;D25CQAT11-N;7.5
N20DCCN367;Nguyễn Văn;Sỹ;D20CQCN15-N;6.8
N21DCDK368;Vũ Minh;Toàn;D21CQDK02-N;7.6
N22DCAT369;Hoàng Thị;Yến;D22CQAT07-N;7
N23DCCN370;Phạm Văn;Long;D23CQCN16-N;7.8
N24DCDK371;Đặng Hữu;Tín;D24CQDK03-N;7.4
N25DCAT372;Ngô Minh;Hiếu;D25CQAT12-N;6.7
N20DCCN373;Bùi Văn;Thành;D20CQCN16-N;7.9
N21DCDK374;Trịnh Hồng;Tâm;D21CQDK04-N;7.1
N22DCAT375;Lê Thị;Mai;D22CQAT08-N;8
N23DCCN376;Đỗ Văn;Tiến;D23CQCN17-N;7.3
N24DCDK377;Phan Minh;Trí;D24CQDK05-N;7.5
N25DCAT378;Nguyễn Thị;Phượng;D25CQAT13-N;6.9
N20DCCN379;Vũ Quốc;Anh;D20CQCN17-N;8.2
N21DCDK380;Hoàng Văn;Sang;D21CQDK01-N;7.6
N22DCAT381;Lý Thị;Kim;D22CQAT09-N;7.3
N23DCCN382;Trần Văn;Tài;D23CQCN18-N;6.7
N24DCDK383;Đặng Văn;Hiếu;D24CQDK02-N;7.9
N25DCAT384;Phạm Hữu;Phước;D25CQAT14-N;7.5
N20DCCN385;Ngô Thị;Thanh;D20CQCN18-N;7
N21DCDK386;Bùi Hồng;Tâm;D21CQDK03-N;8
N22DCAT387;Trịnh Văn;Hòa;D22CQAT10-N;7.2
N23DCCN388;Đỗ Thị;Hường;D23CQCN19-N;6.8
N24DCDK389;Phan Văn;Tình;D24CQDK04-N;7.6
N25DCAT390;Lê Hữu;Khoa;D25CQAT15-N;7.1
N20DCCN391;Trần Văn;Hưng;D20CQCN19-N;7.3
N21DCDK392;Nguyễn Minh;Quang;D21CQDK05-N;6.7
N22DCAT393;Bùi Quốc;Việt;D22CQAT11-N;8.1
N23DCCN394;Phan Thị;Ngọc;D23CQCN20-N;7.4
N24DCDK395;Trịnh Văn;Dũng;D24CQDK01-N;7.6
N25DCAT396;Ngô Thị;Thuỳ;D25CQAT16-N;7
N20DCCN397;Đỗ Văn;Cường;D20CQCN20-N;7.8
N21DCDK398;Lê Văn;Bình;D21CQDK02-N;7.2
N22DCAT399;Phạm Hữu;Tín;D22CQAT12-N;6.9
N23DCCN400;Trần Thị;Tuyết;D23CQCN01-N;7.7
N24DCDK401;Nguyễn Thị;Hằng;D24CQDK02-N;7.2
N25DCAT402;Phan Văn;Sơn;D25CQAT17-N;6.9
N20DCCN403;Lê Hữu;Phong;D20CQCN01-N;7.5
N21DCDK404;Trần Văn;Lâm;D21CQDK03-N;8
N22DCAT405;Đặng Thị;Ngân;D22CQAT13-N;7.3
N23DCCN406;Ngô Minh;Khoa;D23CQCN02-N;7
N24DCDK407;Bùi Văn;Trường;D24CQDK03-N;6.8
N25DCAT408;Vũ Thị;Tâm;D25CQAT18-N;7.7
N20DCCN409;Phạm Văn;Đạt;D20CQCN02-N;7.1
N21DCDK410;Nguyễn Hữu;Nghĩa;D21CQDK04-N;7.9
N22DCAT411;Lê Văn;Quyết;D22CQAT14-N;6.7
N23DCCN412;Trần Thị;Tươi;D23CQCN03-N;7.4
N24DCDK413;Đỗ Minh;Khang;D24CQDK01-N;7.5
N25DCAT414;Phan Thị;Mai;D25CQAT19-N;8.1
N20DCCN415;Ngô Văn;Tú;D20CQCN03-N;7.6
N21DCDK416;Bùi Minh;Hiếu;D21CQDK05-N;6.9
N22DCAT417;Trịnh Hồng;Quang;D22CQAT01-N;7
N23DCCN418;Vũ Văn;Tín;D23CQCN04-N;8
N24DCDK419;Phạm Hữu;Bình;D24CQDK02-N;7.2
N25DCAT420;Lý Thị;Thủy;D25CQAT20-N;7.3
N20DCCN421;Trần Quốc;Thắng;D20CQCN04-N;6.7
N21DCDK422;Đặng Văn;Toàn;D21CQDK02-N;7.8
N22DCAT423;Nguyễn Minh;Trí;D22CQAT15-N;7.5
N23DCCN424;Lê Hữu;Nhân;D23CQCN05-N;6.9
N24DCDK425;Hoàng Thị;Kim;D24CQDK03-N;7.3
N25DCAT426;Đỗ Văn;Thiện;D25CQAT01-N;7
N20DCCN427;Phan Thị;Bích;D20CQCN05-N;7.9
N21DCDK428;Ngô Thị;Diễm;D21CQDK01-N;7.1
N22DCAT429;Bùi Văn;Tài;D22CQAT16-N;7.2
N23DCCN430;Trịnh Hữu;Hưng;D23CQCN06-N;8.2
N24DCDK431;Vũ Thị;Mai;D24CQDK04-N;7.6
N25DCAT432;Phạm Văn;Thành;D25CQAT02-N;7.4
N20DCCN433;Lê Thị;Trang;D20CQCN06-N;6.8
N21DCDK434;Trần Văn;Bảo;D21CQDK03-N;7.7
N22DCAT435;Đặng Minh;Hoàng;D22CQAT17-N;7.3
N23DCCN436;Nguyễn Hồng;Sơn;D23CQCN07-N;7.5
N24DCDK437;Phan Thị;Hà;D24CQDK01-N;6.9
N25DCAT438;Hoàng Văn;Tiến;D25CQAT03-N;7.1
N20DCCN439;Bùi Văn;Phúc;D20CQCN07-N;7
N21DCDK440;Ngô Minh;Hậu;D21CQDK04-N;7.8
N22DCAT441;Trần Quốc;Lợi;D22CQAT18-N;6.7
N23DCCN442;Đỗ Hữu;Quân;D23CQCN08-N;7.9
N24DCDK443;Lý Minh;Nhựt;D24CQDK02-N;7.2
N25DCAT444;Nguyễn Văn;Quang;D25CQAT04-N;8
N20DCCN445;Trịnh Văn;Duy;D20CQCN08-N;7.1
N21DCDK446;Phan Thị;Cẩm;D21CQDK05-N;7.4
N22DCAT447;Vũ Minh;Trung;D22CQAT19-N;6.8
N23DCCN448;Lê Văn;Hải;D23CQCN09-N;7.3
N24DCDK449;Đặng Hồng;Sâm;D24CQDK03-N;7.6
N25DCAT450;Phạm Minh;Tùng;D25CQAT05-N;7
N20DCCN451;Nguyễn Văn;Tâm;D20CQCN09-N;7.8
N21DCDK452;Bùi Thị;Mơ;D21CQDK01-N;6.9
N22DCAT453;Hoàng Văn;Chiến;D22CQAT01-N;7.7
N23DCCN454;Phan Hữu;Đức;D23CQCN10-N;7
N24DCDK455;Ngô Thị;Huệ;D24CQDK04-N;8.1
N25DCAT456;Trần Văn;Tuấn;D25CQAT06-N;7.2
N20DCCN457;Lê Minh;Hùng;D20CQCN10-N;7.3
N21DCDK458;Trịnh Thị;Loan;D21CQDK02-N;7.5
N22DCAT459;Nguyễn Hữu;Trọng;D22CQAT20-N;7.9
N23DCCN460;Phạm Văn;Trường;D23CQCN11-N;6.8
N24DCDK461;Đỗ Minh;Quang;D24CQDK05-N;7.6
N25DCAT462;Bùi Văn;Ninh;D25CQAT07-N;7
N20DCCN463;Trần Hồng;Thắm;D20CQCN11-N;7.4
N21DCDK464;Hoàng Thị;Thuỳ;D21CQDK03-N;6.7
N22DCAT465;Lý Quốc;Khánh;D22CQAT02-N;7.8
N23DCCN466;Ngô Minh;Quân;D23CQCN12-N;7.5
N24DCDK467;Phan Văn;Cảnh;D24CQDK01-N;7.1
N25DCAT468;Vũ Thị;Hạnh;D25CQAT08-N;6.9
N20DCCN469;Đặng Văn;Hoàng;D20CQCN12-N;7
N21DCDK470;Nguyễn Minh;Đạt;D21CQDK04-N;8
N22DCAT471;Trần Văn;Sơn;D22CQAT03-N;7.3
N23DCCN472;Bùi Thị;Tuyết;D23CQCN13-N;7.6
N24DCDK473;Ngô Hồng;Phát;D24CQDK02-N;7.2
N25DCAT474;Lê Văn;Thành;D25CQAT09-N;6.8
N20DCCN475;Phan Hữu;Nghĩa;D20CQCN13-N;7.9
N21DCDK476;Trịnh Minh;Đức;D21CQDK05-N;7.1
N22DCAT477;Đỗ Văn;Khánh;D22CQAT04-N;7.4
N23DCCN478;Lý Văn;Phong;D23CQCN14-N;6.9
N24DCDK479;Phạm Hữu;Dũng;D24CQDK03-N;7.7
N25DCAT480;Hoàng Thị;Tú;D25CQAT10-N;7.3
N20DCCN481;Ngô Văn;Kỳ;D20CQCN14-N;7
N21DCDK482;Vũ Quốc;Bình;D21CQDK01-N;8.1
N22DCAT483;Trần Minh;Đạt;D22CQAT05-N;6.7
N23DCCN484;Đặng Thị;Kim;D23CQCN15-N;7.8
N24DCDK485;Bùi Hồng;Minh;D24CQDK04-N;7.5
N25DCAT486;Nguyễn Thị;Thảo;D25CQAT11-N;7.2
N20DCCN487;Lê Văn;Tiến;D20CQCN15-N;7.4
N21DCDK488;Phan Thị;Dung;D21CQDK02-N;7.6
N22DCAT489;Nguyễn Hữu;Hiếu;D22CQAT06-N;7.9
N23DCCN490;Trần Quốc;Toàn;D23CQCN16-N;7.3
N24DCDK491;Đỗ Văn;Kiên;D24CQDK05-N;6.8
N25DCAT492;Phạm Minh;Thịnh;D25CQAT12-N;7
N20DCCN493;Trịnh Thị;Mai;D20CQCN16-N;8
N21DCDK494;Ngô Minh;Huy;D21CQDK03-N;7.2
N22DCAT495;Vũ Văn;Dương;D22CQAT07-N;7.1
N23DCCN496;Hoàng Văn;Hoài;D23CQCN17-N;6.7
N24DCDK497;Lý Hữu;Hậu;D24CQDK01-N;7.8
N25DCAT498;Bùi Văn;Hùng;D25CQAT13-N;7.6
N20DCCN499;Đặng Minh;Châu;D20CQCN17-N;7.3
N21DCDK500;Nguyễn Văn;Hải;D21CQDK04-N;7
N26DCKT766;Phạm;Thu Chi;D26CQKT02-N;5.4
N26DCDK901;Nguyễn;Minh An;D26CQDK02-N;7.6
N26DCKT972;Bùi;Thu Nam;D26CQKT03-N;9.6
N26DCAT362;Đỗ;Thúy Khôi;D26CQAT03-N;5.9
N26DCTT718;Hoàng;Minh Chi;D26CQTT01-N;6
N26DCCN514;Lê;Đức Hà;D26CQCN04-N;7.4
N26DCPT748;Hồ;Quang My;D26CQPT01-N;7.9
N26DCCN371;Nguyễn;Quang Bình;D26CQCN01-N;8.2
N26DCCN722;Vũ;Quang Tú;D26CQCN01-N;5.8
N26DCTT080;Bùi;Hồng Nam;D26CQTT01-N;5.3
N26DCKT108;Nguyễn;Kim Nam;D26CQKT02-N;9.5
N26DCPT776;Hoàng;Văn An;D26CQPT02-N;5.8
N26DCAT589;Phạm;Thúy My;D26CQAT05-N;6.5
N26DCKT971;Lê;Thu Giang;D26CQKT05-N;9
N26DCDK954;Trần;Thu Giang;D26CQDK02-N;9.9
N26DCAT854;Phạm;Văn Bình;D26CQAT01-N;6.3
N26DCPT161;Lê;Văn Bình;D26CQPT05-N;7.1
N26DCPT854;Bùi;Đức Tú;D26CQPT03-N;9.4
N26DCAT269;Đặng;Anh Tú;D26CQAT03-N;8.4
N26DCTT304;Vũ;Văn Tú;D26CQTT02-N;7.6
N26DCPT541;Trần;Kim Linh;D26CQPT01-N;5.1
N26DCAT563;Lê;Anh An;D26CQAT01-N;5.4
N26DCDK397;Lê;Thị Linh;D26CQDK01-N;8.4
N26DCPT459;Bùi;Thúy Chi;D26CQPT04-N;9
N26DCKT229;Hoàng;Văn Khôi;D26CQKT01-N;8.4
N26DCDK654;Đỗ;Kim Chi;D26CQDK02-N;9.2
N26DCPT683;Hồ;Văn Hà;D26CQPT04-N;9.5
N26DCTT644;Phạm;Quang Chi;D26CQTT02-N;7.7
N26DCKT380;Đặng;Hồng Giang;D26CQKT02-N;5.9
N26DCCN429;Đặng;Kim Linh;D26CQCN01-N;6.5
N26DCAT558;Đỗ;Thu Chi;D26CQAT02-N;7.7
N26DCPT716;Hoàng;Hồng Giang;D26CQPT01-N;5
N26DCAT050;Phạm;Thu Chi;D26CQAT02-N;9.1
N26DCDK539;Trần;Minh Hà;D26CQDK05-N;8.1
N27DCCN007;Ngô Vân;Anh;D27CQCN01-N;7.2
N27DCCN123;Trần Thụy Kim;Hoa;D27CQCN03-N;8.5
N27DCCN456;Lê Hồng;Minh;D27CQCN02-N;6.7
N27DCAT101;Đặng Thị Thu;Hương;D27CQAT01-N;8
N27DCCN234;Nguyễn Văn;An;D27CQCN04-N;7.4
N27DCDK321;Trần Thị Mai;Lan;D27CQDK02-N;6.8
N27DCCN654;Lê Thị Kim;Hoa;D27CQCN05-N;8.3
N27DCAT987;Phạm Trần Đức;Minh;D27CQAT03-N;7.1
N27DCDK852;Hoàng Văn;Quân;D27CQDK02-N;6.5
N27DCCN111;Nguyễn Thị;Hoa;D27CQCN06-N;7.7
N27DCCN333;Nguyễn Văn;Bình;D27CQCN07-N;6.9
N27DCDK456;Trần Thị Mai;Hoa;D27CQDK04-N;7.8
N27DCDK777;Lê Thị Kim;Hoa;D27CQDK06-N;8.6
N27DCAT222;Phạm Hữu;Minh;D27CQAT05-N;7.3
N27DCAT888;Lê Hữu;Minh;D27CQAT04-N;6.8
N27DCCN999;Hoàng Văn;Quân;D27CQCN08-N;7
N27DCDK444;Hoàng Văn;Quân;D27CQDK03-N;6.7
N27DCCN555;Phan Hữu;Bảo;D27CQCN09-N;8.4
N27DCCN321;Nguyễn Thị;Hoa;D27CQCN11-N;7.5
N27DCDK319;Nguyễn Thị;Hoa;D27CQDK05-N;7.5
N27DCCN678;Lê Hoài Thanh;Phương;D27CQCN07-N;6.3
N27DCDK789;Phạm Văn;Huy;D27CQDK06-N;6.3
N27DCCN001;Nguyễn Văn;Hùng;D27CQCN01-N;7.8
N27DCCN002;Trần Thị;Thảo;D27CQCN02-N;8.1
N27DCCN003;Lê Văn;Tâm;D27CQCN03-N;6.9
N27DCDK004;Phạm Thị;Linh;D27CQDK04-N;7.4
N27DCAT005;Đặng Văn;Quang;D27CQAT02-N;8.2
N27DCCN006;Ngô Thị;Mai;D27CQCN04-N;7.6
N27DCDK008;Lê Thị;Thu;D27CQDK01-N;7.9
N27DCCN009;Trần Văn;Đức;D27CQCN05-N;8
N27DCAT010;Phạm Thị;Hồng;D27CQAT01-N;7.3
N27DCCN011;Nguyễn Văn;Long;D27CQCN02-N;6.7
N27DCDK012;Lê Thị;Ngọc;D27CQDK03-N;8.4
N27DCCN013;Trần Văn;Khánh;D27CQCN04-N;7.1
N27DCAT014;Phạm Hữu;Tài;D27CQAT06-N;6.5
N27DCCN015;Ngô Văn;Tuấn;D27CQCN06-N;7.7
N27DCDK016;Hoàng Thị;Lan;D27CQDK05-N;8.3
N27DCCN017;Lê Văn;Phúc;D27CQCN03-N;6.9
N27DCAT018;Đặng Thị;Thúy;D27CQAT01-N;7.5
N27DCCN019;Trần Văn;Bình;D27CQCN08-N;8
N27DCDK020;Phạm Thị;Yến;D27CQDK02-N;7.2
N27DCCN021;Nguyễn Văn;Hòa;D27CQCN07-N;6.8
N27DCAT022;Lê Thị;Hương;D27CQAT02-N;7.9
N27DCCN023;Hoàng Văn;Nam;D27CQCN05-N;8.1
N27DCDK024;Trần Thị;Mai;D27CQDK07-N;7
N27DCCN025;Phạm Văn;Tùng;D27CQCN09-N;6.6
N27DCAT026;Ngô Thị;Thảo;D27CQAT07-N;8.2
N27DCCN027;Lê Văn;Quý;D27CQCN08-N;7.4
N27DCDK028;Trần Thị;Linh;D27CQDK07-N;6.9
N27DCCN029;Phạm Hữu;Đạt;D27CQCN09-N;7.8
N27DCAT030;Đặng Văn;Hùng;D27CQAT02-N;8
N27DCCN031;Nguyễn Thị;Ngọc;D27CQCN10-N;7.3
N27DCDK032;Lê Văn;Tài;D27CQDK03-N;6.7
N27DCCN033;Trần Thị;Thúy;D27CQCN10-N;8.1
N27DCAT034;Phạm Văn;Phong;D27CQAT03-N;7.5
N27DCCN035;Hoàng Thị;Mai;D27CQCN10-N;6.8
N27DCDK036;Ngô Văn;Long;D27CQDK08-N;7.9
N27DCCN037;Lê Thị;Hồng;D27CQCN11-N;8.3
N27DCAT038;Trần Văn;Quang;D27CQAT08-N;7.2
N27DCCN039;Phạm Thị;Lan;D27CQCN11-N;6.9
N27DCDK040;Nguyễn Văn;Tâm;D27CQDK08-N;8
N27DCCN041;Đặng Thị;Thảo;D27CQCN12-N;7.4
N27DCAT042;Lê Văn;Khánh;D27CQAT03-N;6.8
N27DCCN043;Trần Thị;Yến;D27CQCN12-N;7.7
N27DCDK044;Phạm Hữu;Nam;D27CQDK04-N;8.2
N27DCCN045;Ngô Văn;Phúc;D27CQCN12-N;7.1
N27DCAT046;Hoàng Thị;Thu;D27CQAT04-N;6.6
N27DCCN047;Lê Văn;Đức;D27CQCN13-N;8
N26DCCN264;Bùi Thu;Nam;D26CQCN05-N;0
N26DCCN635;Hồ Văn;Nam;D26CQCN02-N;0
N26DCDK289;Đặng Thu;Dương;D26CQDK05-N;0
N26DCCN873;Bùi Hồng;Dương;D26CQCN04-N;0
N23DCCN102;Mô Ha Mách Bu Ba;Ka;D23CQCN03-N;1
N23DCCN888;Đinh Thị Nguyệt;Thanh;D23CQCN03-N;10
N23DCCN007;Nguyễn Ngọc;Phương;D23CQCN01-N;10
N23DCCN123;Huỳnh Thị Như;Quỳnh;D23CQCN03-N;10
